 27th,BLAKE,2010,1
 27th,WALNUT,2010,1
 33rd,BLAKE,2010,1
 33rd,WALNUT,2010,1
 ARKANSAS AVE & BUCHTEL BLVD,S EMERSON ST,2015,1
 E IOWA AVE & E FLORIDA AVE,S LOGAN ST,2015,1
 S LOWELL ,W MISSISSIPPI AVE,2014,1
 VINE ST & FRANKLIN ST,E 20TH AVE,2015,1
1-25 SOUTH BOUND,UNIVERSITY BLVD,2007,4
10th AVE,FEDERAL BLVD,2011,2
11TH AVE,QUEBEC ST.,2010,4
11TH AVE,SPEER BLVD,2009,8
11TH AVE,SYRACUSE ST,2008,8
11TH AVE,SYRACUSE ST,2010,4
11TH AVE,UINTA,2006,2
11TH AVE,YOSEMITE ST,2010,4
12th AVE,N COLORADO BLVD,2014,1
1300 SOUTH,PLATTE RIVER DR,2009,1
13TH AVE,N FRANKLIN ST,2006,12
13TH AVE,N GILPIN ST,2006,12
13TH AVE,SPEER BLVD,2009,8
13TH ST,FRANKLIN ST,2006,11
13TH ST & 14TH ST,ARAPAHOE ST,2015,1
14TH ST,FRANKLIN ST,2006,1
14TH ST & 13TH ST,ARAPAHOE ST,2015,1
14th Ave,BANNOCK ST,2010,1
15th ST.,LARIMER ST.,2013,1
16TH AND 17TH,N JOSEPHINE ST,2009,4
16TH AND 17TH,N YORK ST,2009,4
16TH AND 17TH ST,ARAPAHOE ST,2009,4
17TH  AVE,MADISON ST,2008,3
17TH AVE/MONTVIEW,MONACO PKWY,2009,2
17th AVE,N COLORADO BLVD,2014,2
17th ST & 16th ST,ARAPAHOE ST,2013,1
17th ST & 18th ST,ARAPAHOE ST,2013,1
17th ST & 18th ST,CENTRAL ST ,2011,2
18TH ST,CALIFORNIA ,2006,3
18TH ST,STOUT ST,2006,3
18th AVE & 17th AVE,BELLAIRE ST,2011,2
19TH ST,STOUT ST,2006,2
19TH ST & 20TH ST,LAWRENCE ST,2015,1
19th ST. & 20th ST.,LITTLE RAVEN ST.,2012,2
1ST AVE,DOWNING ST,2009,2
1ST AVE,EMERSON ST,2009,1
1ST AVE,LOGAN ST,2009,1
1ST AVE,MILWAUKEE,2006,2
1ST AVE,QUEBEC ST.,2010,4
1ST AVE,WASHINGTON ST,2009,1
1ST AVE,YOSEMITE ST,2010,2
1ST AVENUE,UNIVERSITY BLVD,2007,18
20th AVE,VINE ST,2010,2
21st AVE,VINE ST,2010,2
22ND AND 21ST,TREMONT ST,2009,4
22ND ST & PAW,CHAMPA,2011,1
22ND ST & PAW,STOUT,2011,1
23RD AVE,HIGH ST,2006,1
23RD AVE,HUMBOLDT ST,2006,1
25th ST & 26th ST,CHAMPA ST ,2014,1
25th ST & 26th ST,STOUT ST,2014,1
25th ST.,CALIFORNIA,2011,2
26TH,IRVING,2008,2
26TH AVE,CENTRAL PARK BLVD,2010,4
26TH AVE,QUEBEC ST.,2010,4
26TH AVE,SYRACUSE ST,2010,3
26th AVE., WALNUT ST.,2012,1
28th AVE,N. CHERRY ST,2012,4
28th AVE,ROSLYN ST,2010,1
28th AVE,SYRACUSE,2010,1
28th ST. & 27th ST.,LARIMER ST.,2012,2
28th ST. & 29th ST.,STOUT ST,2014,1
29TH,IRVING,2008,2
29TH AVE,N LOWELL BLVD,2006,2
29th Ave,CENTRAL PARK BLVD,2011,2
29th Ave,HAVANA ,2011,1
29th Ave,MARTIN LUTHER KING BLVD,2010,1
29th PL,ROSLYN ST,2010,1
29th PL,SYRACUSE,2010,1
2ND AVE,DETROIT,2006,2
2ND AVE,FILLMORE,2006,2
2ND AVE,MILWAUKEE,2006,2
30TH AVE,ZUNI,2006,4
30th ST. & 31st ST.,CHAMPA ST ,2014,1
30th ST. & 31st ST.,LARIMER ST.,2012,2
31st ST & 32nd ST,CHAMPA,2011,1
31st ST & 32nd ST,STOUT,2011,1
31st ST.,RINGSBY CT,2011,2
32ND AVE,CLAY ST,2006,2
32ND AVE,CLAY ST,2007,1
32ND AVE,CLAY ST,2008,1
33RD AVE,DOWNING ST,2006,1
33rd AVE & MLK BLVD,CENTRAL PARK BLVD ,2013,1
33rd AVE & N SPEER BLVD,IRVING ST,2014,2
33rd ST. & 32nd ST.,LARIMER ST.,2012,2
35TH,LOWELL,2008,2
35th AVE,CENTRAL PARK BLVD,2010,4
35th AVE,SYRACUSE ST,2010,2
36th AVE,CENTRAL PARK BLVD ,2013,2
36th ST & 38th ST,ARKINS CT.,2014,2
36th ST & 38th ST,BRIGHTON BLVD,2013,1
38TH AVE,NAVAJO ST,2008,6
38TH AVE,PECOS ST,2008,6
38TH AVE,PERRY ST,2006,4
38TH AVE,QUIVAS ST,2008,6
38th AVE,BRIGHTON BLVD,2010,2
38th AVE,BRIGHTON BLVD,2011,2
38th AVE,SHERIDAN BLVD,2010,3
38th ST,BRIGHTON BLVD,2012,2
39th AVE.,PEORIA ST,2011,4
3RD,UNIVERSITY BLVD,2013,1
3RD AVE,DETROIT,2006,2
3RD AVE,FILLMORE,2006,2
3RD AVE,MILWAUKEE,2006,2
40TH AVE,N COLORADO BLVD,2006,12
40th AVE,HAVANA,2010,4
40th AVE,HAVANA ,2010,8
40th AVE,N COLORADO BLVD,2014,2
40th ST & 39th ST,BRIGHTON BLVD,2013,1
41ST PL.,ANDES WAY,2008,6
43RD,TOWER RD,2006,8
45TH,WASHINGTON,2008,4
45TH AVE,I-70 EXIT RAMP/SB YORK ST,2015,1
45TH AVE,LINCOLN ST,2009,2
45TH AVE,PEORIA ST,2009,4
46TH AVE,SHERIDAN BLVD,2009,2
46TH AVE,TENNYSON ST,2009,1
46TH AVE,WOLFF ST,2010,2
48TH AVE,DAHLIA ST,2009,2
48TH AVE,N TOWER RD,2006,6
48TH AVE,TOWER RD,2009,120
48TH AVE,TOWER RD,2012,2
4TH & 5TH ST,MILWAUKEE ST,2009,1
4TH & 5TH ST,ST PAUL ST,2009,1
4TH & 5TH ST,STEELE ST,2009,1
4TH AVE,HOLLY ST,2008,8
51ST ST,WASHINGTON,2008,6
52nd AVE,NETHERLAND,2010,2
54th AVE. & BLACKHAWK WAY,N. CROWN BLVD,2012,2
56TH AVE,DUNKIRK ST,2009,2
56TH AVE,QUEBEC ST.,2012,2
56TH AVE,TOWER RD,2009,25
5TH ST TO 6TH AVE RAMP,FEDERAL,2008,1
5th AVE,N COLORADO BLVD,2014,1
6TH AVE,FEDERAL BLVD,2009,2
6TH AVE,MONACO PKWY,2009,2
6TH AVE,SYRACUSE ST,2008,10
6TH AVE ,SPEER BLVD,2009,1
6TH AVE TUNNEL,SPEER BLVD,2009,7
6th AVE.,NB SANTA FE,2011,1
6th AVE.(Art District),NB SANTA FE,2011,1
6th ST TO 6TH AVE RAMP,FEDERAL,2008,1
7TH ,CLARKSON ST,2006,1
7TH ,CORONA,2006,6
7TH ,DOWNING ST,2006,6
7TH ,GRANT ST,2006,1
7TH ,JOSEPHINE ST,2006,1
7TH ,LOGAN,2006,1
7TH ,WASHINGTON ST,2006,1
7TH ,YORK ST,2006,1
7th Ave. & 8th Ave.,N. GARFIELD St,2011,1
7th Ave. & 8th Ave. ,N. GARFIELD St,2011,1
7th Ave. & 8th Ave. (Art District),NB SANTA FE,2011,2
7th ST,AURARIA PKWY,2014,1
7th ST TO 6TH AVE RAMP,FEDERAL,2008,1
8TH AVE,FEDERAL BLVD,2011,2
8TH AVE,N FRANKLIN ST,2006,12
8TH AVE,SPEER BLVD,2009,8
8TH AVE,WILLIAMS,2010,2
8th ST TO 6TH AVE RAMP,FEDERAL,2008,1
9th Ave. (Art District),NB SANTA FE,2011,2
9th ST TO 6TH AVE RAMP,FEDERAL,2008,1
ACOMA ST & N BROADWAY,W 1st AVE,2014,2
ACOMA ST & N BROADWAY,W 2nd AVE,2014,2
ACOMA ST & N BROADWAY,W 3rd AVE,2014,2
ACOMA ST & N BROADWAY,W 4th AVE,2014,2
ACOMA ST & N BROADWAY,W 5th AVE,2014,2
ACOMA ST & N BROADWAY,W ELLSWORTH AVE,2014,2
ACOMA ST & S BROADWAY,W ARCHER PL,2014,2
ACOMA ST & S BROADWAY,W BAYAUD AVE,2014,2
ACOMA ST & S BROADWAY,W BYERS PL,2014,2
ACOMA ST & S BROADWAY,W CEDAR AVE,2014,2
ACOMA ST & S BROADWAY,W MAPLE AVE,2014,2
ADAMS ST & STEELE ST,E 26TH AVE,2015,2
ADAMS ST. & STEELE ST.,E. 26th AVE. ,2013,2
AIRPORT BLVD & E 40TH CIR,E 40TH AVE ,2015,1
AKRON CT,33RD AVE,2009,1
ALAMEDA,BROADWAY ,2006,6
ALAMEDA,BROADWAY ,2007,36
ALAMEDA,COLORADO BLVD,2006,21
ALAMEDA,COLORADO BLVD,2007,69
ALAMEDA,COLORADO BLVD,2008,7
ALAMEDA,HOLLY ST,2009,2
ALAMEDA,KALAMATH,2006,9
ALAMEDA,KALAMATH,2007,36
ALAMEDA,KALAMATH,2008,3
ALAMEDA,LINCOLN,2006,6
ALAMEDA,LINCOLN,2007,30
ALAMEDA,SANTA FE DR.,2006,6
ALAMEDA,SANTA FE DR.,2007,30
ALAMEDA,SANTA FE DR.,2008,3
ALAMEDA  AVE,BROADWAY BLVD,2009,2
ALAMEDA  AVE,DOWNING ST,2009,1
ALAMEDA  AVE,DOWNING ST,2011,1
ALAMEDA  AVE,EMERSON ST,2009,1
ALAMEDA  AVE,EMERSON ST,2011,1
ALAMEDA  AVE,FEDERAL BLVD,2009,4
ALAMEDA  AVE,LINCOLN ST,2009,1
ALAMEDA  AVE,LOGAN ST,2009,1
ALAMEDA  AVE,LOGAN ST,2011,2
ALAMEDA  AVE,MORRISON RD,2009,1
ALAMEDA  AVE,QUEBEC ST.,2010,5
ALAMEDA  AVE,WASHINGTON ST,2009,1
ALAMEDA  AVE,WASHINGTON ST,2011,1
ALAMEDA AVE,NEWPORT WAY,2009,4
ALCOTT ST,38TH AVE,2009,2
ALCOTT ST & ZUNI ST,W 38th AVE ,2015,1
ALTON WAY & AKRON WAY,N YOSEMITE ST,2014,2
AMHERST AVE,TAMARAC DR,2009,2
ARAPAHOE ST,15TH ST,2009,4
ARAPAHOE ST,17TH ST,2009,6
ARAPAHOE ST,18TH,2009,7
ARAPAHOE ST,N SPEER BLVD ,2015,2
ARAPAHOE ST & CHAMPA ST,13TH ST,2015,2
ARIZONA AVE. & MISSISSIPPI AVE.,STEELE ST,2011,1
ARIZONA ST,DOWNING ST,2009,1
ARKANSAS,COLORADO BLVD,2007,9
ARKANSAS,COLORADO BLVD,2008,3
ARKANSAS AVE & BUCHTEL BLVD,S EMERSON ST,2015,1
ARKANSAS AVE & LOUSIANA AVE,BUCHTEL BLVD,2015,1
ASBURY,UNIVERSITY BLVD,2009,2
ASBURY,UNIVERSITY BLVD,2010,1
ASH ST. & ALBION ST.,E 1st AVE,2013,2
ASH ST. & ALBION ST.,E. 7th AVE,2013,2
ASHLAND REC CENTER,DUNKELD PL,2006,2
BANNOCK ST,1ST,2009,6
BASSETT ST. & 18th ST.,LITTLE RAVEN ST.,2012,2
BASSETT ST. & LITTLE RAVEN ST.,18th ST.,2012,2
BEELER ST,33RD AVE,2009,1
BEELER ST,MARTIN LUTHER KING BLVD,2009,2
BEELER ST.,E. 35TH AVE.,2012,2
BELLAIRE ST. & ASH ST.,E. 7th AVE,2013,2
BELLAIRE ST. & N BIRCH ST.,E 26th Ave,2014,2
BELLEVIEW,FIELD ST,2008,4
BELLEVIEW,GARLAND ST,2008,2
BIRCH ST & CLERMONT ST,E. 13th AVE.,2013,1
BLAKE ST. & WAZEE ST.,18th ST.,2013,2
BRIGHTON BLVD,38TH AVE,2010,2
BRIGHTON BLVD,38TH AVE,2011,2
BRIGHTON BLVD,38th St.,2012,2
BROADWAY,ALAMEDA,2006,6
BROADWAY,ALAMEDA,2007,36
BROADWAY,ALAMEDA,2008,3
BROADWAY,EVANS,2007,36
BROADWAY,EVANS,2008,21
BROADWAY,EVANS,2011,5
BROADWAY,EVANS AVE,2008,35
BRUCE RANDOLPH ST,YORK ST,2009,2
BUCHTEL BLVD,MONROE ST,2010,1
BUCHTEL BLVD,ST PAUL ST,2010,4
BUCHTEL BLVD,UNIVERSITY BLVD,2009,4
Between EPOSITION & OHIO,DOWNING ST,2010,2
CALIFORNIA,25th ST.,2011,4
CALIFORNIA ST,18TH ,2006,2
CARSON ST & CRYSTAL ST,E 52nd AVE,2014,2
CENTER,BROADWAY,2006,2
CENTER,LINCOLN ,2006,2
CENTER ST,FRANKLIN ST,2009,1
CENTRAL PARK BLVD,29th AVE,2011,2
CENTRAL PARK BLVD,33RD AVE,2009,1
CENTRAL PARK BLVD,NORTHFIELD BLVD,2011,4
CENTRAL PARK BLVD & VALENTIA ,33rd AVE,2013,1
CENTRAL PARK BLVD & WALBASH,33rd AVE,2013,1
CHAMBERS,56TH,2008,8
CHAMPA ST & ARAPAHOE ST,13TH ST,2015,2
CHANDLER  CT,MAXWELL PL,2009,2
CHEESMAN PARK,E 12TH AVE,2006,24
CHEESMAN PARK,E 9TH AVE,2006,24
CHENANGO AVE,S. YOSEMITE ST.,2014,2
CHERRY CK DR S & HARRISON ST,S HARRISON LN,2015,2
CHERRY CREEK DR,COLORADO BLVD,2008,7
CHERRY CREEK DR SOUTH,S COLORADO BLVD,2009,14
CHERRY CREEK NORTH,S MONACO PKWY,2014,1
CHERRY CREEK NORTH,UNIVERSITY BLVD,2013,1
CHERRY ST & DEXTER ST,E 9TH AVE ,2015,2
CLARKSON,7TH ,2006,1
CLARKSON ST ,E 11th AVE,2014,2
CLARKSON ST & EMERSON ST,E. 13th AVE.,2013,1
CLAY ST,32ND AVE,2006,2
CLAY ST,32ND AVE,2007,2
CLAY ST,32ND AVE,2008,2
CLAY ST,FLORIDA AVE,2006,6
CLAYTON,1ST AVE,2006,6
CLAYTON,E 1ST AVE,2006,3
CLAYTON ,2ND AVE,2006,2
CLAYTON & ELIZABETH,EAST 26th AVE,2010,2
CLERMONT ST,JEWELL,2008,5
CLERMONT ST,JEWELL,2009,4
CLINTON ST.,E. 26th AVE. ,2013,4
COLFAX,LOWELL ,2008,6
COLFAX,MEADE ST,2008,6
COLFAX,NEWTON ST,2008,6
COLFAX AVE,I-25 NB EXIT OFFRAMP,2010,2
COLFAX AVE,I-25 SB EXIT OFFRAMP,2010,2
COLFAX AVE,NB FEDERAL BLVD OFFRAMP,2010,2
COLFAX AVE,QUEBEC ST.,2010,4
COLFAX AVE,SB FEDERAL  BLVD OFFRAMP ,2010,2
COLFAX AVE,SPEER BLVD,2009,8
COLFAX AVE,SYRACUSE ST,2010,4
COLFAX AVE,YOSEMITE ST,2010,4
COLFAX AVE & 16th AVE,DETROIT ST,2013,2
COLFAX AVENUE,COLORADO BLVD,2006,12
COLFAX AVENUE,COLORADO BLVD,2007,72
COLFAX AVENUE,COLORADO BLVD,2008,6
COLORADO,HAMPDEN,2010,2
COLORADO  ST,ZUNI,2008,6
COLORADO BLVD,E. 14th AVE.,2012,3
COLORADO BLVD ,ALAMEDA,2006,21
COLORADO BLVD ,ALAMEDA,2007,72
COLORADO BLVD ,E. EVANS AVE   ,2007,3
COLORADO BLVD ,EVANS AVE,2006,27
COLORADO BLVD & JACKSON ST.,E. 48th AVE.,2013,2
CORNELL,UNIVERSITY ,2009,6
CORNELL,YOSEMITE ,2006,2
CORNISH CT & CRYSTAL ST,E ELK DR ,2015,2
CORONA ST,SPEER BLVD,2009,2
CRYSTAL ST,MAXWELL PL,2009,2
DAHLIA ST,48th AVE ,2009,2
DAHLIA ST & EUDORA ST,E. 14th AVE.,2013,1
DAKOTA ST,FRANKLIN ST,2008,22
DAKOTA ST,HOLLY ST,2009,2
DARTMOUTH AVE,TAMARAC DR,2009,2
DAYTON ST & FLORENCE WAY,E 35TH AVE,2015,1
DAYTON ST & FLORENCE WAY,E35TH AVE,2015,1
DECATUR ST,8TH AVE,2009,6
DELGANY ST & CHESTNUT PL,38th St.,2013,1
DETROIT,3RD AVE,2006,4
DEXTER,MONTVIEW,2006,2
DEXTER ST & DAHLIA ST,E 9TH AVE ,2015,2
DOWNING ST,7TH ,2006,6
DOWNING ST,E. COLFAX AVE,2014,2
DTC BLVD.,E. TEMPLE DR.,2012,2
DUNKIRK ST,56TH AVE,2009,2
E 10th AVE & E 9th AVE,N JERSEY ST,2014,2
E 10th AVE & E 9th AVE,N LOGAN ST,2013,1
E 11th AVE & ALTON WAY,N YOSEMITE ST,2014,2
E 11th AVE & E 10th AVE,N SHERMAN ST,2014,2
E 12th AVE & E 11th AVE,N SHERMAN ST,2014,2
E 12th AVE & E 13th AVE.,N. CLERMONT ST,2013,2
E 12th AVE & HALE PKWY,N. CLERMONT ST,2013,2
E 16th AVE & E 17th AVE,N JOSEPHINE ST,2014,1
E 16th AVE & E COLFAX AVE,N JOSEPHINE ST,2014,1
E 19THAVE & E 21ST AVE,FRANKLIN ST,2015,2
E 1ST AVE,ROSLYN ST,2009,3
E 24th Pl & E 25th Dr,BEELER ST,2015,1
E 26th AVE & E 28th AVE,IOLA ST,2015,1
E 27TH AVE & E 26TH AVE,STEELE ST,2015,2
E 27th AVE & E 26th AVE,N STEELE ST,2014,2
E 28th AVE,N ROSLYN ST,2014,1
E 28th AVE & E 28th PL,IOLA ST,2015,1
E 28th AVE & N HANOVER CT,N HAVANA ST,2015,1
E 28th PL & E 28th AVE,N HAVANA ST,2015,1
E 29th Ave & E 28th Ave,FULTON ST,2015,2
E 32nd AVE & FLORENCE WAY,FULTON ST,2015,2
E 35TH AVE & E 34TH PL,DAYTON ST,2015,2
E 35th AVE & E 33rd AVE ,CENTRAL PARK BLVD ,2014,2
E 36th AVE & E 37th AVE,N YORK ST,2013,2
E 38th AVE & E 40th AVE,N YORK ST,2013,2
E 3RD AVE & E 5TH AVE,DAYTON ST,2015,2
E 40TH AVE & LEWISTON ST,E 40TH CIR,2015,1
E 40TH CIR & LEWISTON ST,E 40TH AVE,2015,1
E 43RD AVE & GLOBEVILLE RD,BROADWAY ,2015,2
E 45TH AVE & E 46TH AVE,YORK ST ,2015,1
E 4th AVE,CORONA ST,2014,2
E 4th AVE ,DOWNING ST,2014,1
E 4th AVE & E 1st PLACE,N SPRUCE ST,2014,2
E 4th AVE & E 5th AVE,N J0SEPHINE ST,2014,1
E 4th AVE & E 5th AVE,N UNIVERSITY BLVD,2014,1
E 53RD AVE & MAXWELL PL,CHAMBERS RD,2015,2
E 53RD PL & E 56TH AVE,SPRUCE ST,2015,2
E 56TH AVE,N CHAMBERS RD,2006,2
E 9TH AVE & E 8TH AVE,DEXTER ST,2015,2
E 9TH AVE & HALE PKWY,DEXTER ST,2015,2
E 9th AVE & E 8th AVE,N JERSEY ST,2014,2
E ALAMEDA AVE,N COLORADO BLVD,2006,14
E ALAMEDA AVE,S BROADWAY BLVD,2006,3
E ALAMEDA AVE,S COLORADO BLVD,2015,2
E ALAMEDA AVE,S HOLLY ST,2014,1
E ALAMEDA AVE,S KALAMATH ST,2006,3
E ALAMEDA AVE,S LINCOLN ST,2006,3
E ALAMEDA AVE,S SANTA FE DRIVE,2006,3
E ALAMEDA AVE,S UNIVERSITY BLVD,2015,1
E ALAMEDA AVE & LEETSDALE DR,S DAHLIA ST,2015,1
E ANDREWS DR,WORCHESTER ST,2009,2
E ANDREWS WAY & E 40TH AVE,AIRPORT WAY,2015,1
E ARIZONA AVE & BONNIE BRAE BLVD,S STEELE ST,2015,1
E ARIZONA AVE & E LOUISIANA AVE,S LOGAN ST,2015,3
E ARIZONA AVE & E LOUISIANA AVE,S STEELE ST,2015,2
E ARKANSAS AVE & E LOUISIANA AVE , S STEELE ST,2015,1
E ASBURY AVE & E EVANS AVE,S COLUMBINE ST,2015,2
E ASBURY AVE & E JEWELL AVE,S COLUMBINE ST,2015,2
E BATES AVE & E AMHERST AVE,S NEWPORT ST,2015,2
E BETHANY PL & E BATES AVE,S NEWPORT ST,2015,2
E CEDAR AVE & E ALAMEDA AVE,S HOLLY ST,2014,1
E CEDAR AVE & E ALAMEDA AVE,S LEYDEN ST,2015,2
E CEDAR AVE & E ALAMEDA AVE,S. LOGAN ST,2014,1
E CEDAR AVE & E BAYAUD AVE,S HOLLY ST,2014,1
E CENTER AVE & E EXPOSITION AVE,S. LOGAN ST,2014,2
E CENTER AVE & E VIRGINIA AVE,S. LOGAN ST,2014,2
E COLFAX AVE,N COLORADO BLVD,2006,14
E COLORADO AVE & E MEXICO AVE,S DOWNING ST,2015,4
E COLORADO AVE & E MEXICO AVE,S STEELE ST,2015,1
E CORNELL & S BROOK DR,S CLERMONT,2010,2
E CORNELL AVE,S BIRCH ST,2010,2
E DAKOTA  AVE & E ALAMEDA AVE,S. FRANKLIN ST,2014,2
E DAKOTA  AVE & E VIRGINIA AVE,S. FRANKLIN ST,2014,2
E DAKOTA AVE & E ALAMEDA AVE,S FOREST ST ,2015,2
E DAKOTA AVE & E ALAMEDA AVE,S HOLLY ST,2015,1
E DAKOTA AVE & E ALAMEDA AVE,S HOLLY ST ,2015,1
E DAKOTA AVE & E ALAMEDA AVE,S JERSEY ST,2015,4
E DAKOTA AVE & E ALAMEDA AVE,S RACE ST,2015,2
E DAKOTA AVE & E ALAMEDA AVE,S WILLIAMS ST,2014,2
E DAKOTA AVE & E VIRGINIA AVE,S JERSEY ST,2015,2
E DAKOTA AVE & E VIRGINIA AVE,S RACE ST,2015,2
E DAKOTA AVE & E VIRGINIA AVE,S WILLIAMS ST,2014,2
E DAKOTA AVE & LEETSDALE DR,S HOLLY ST,2014,2
E EASTMAN AVE & S ADAMS WAY,S MONROE ST,2014,2
E ELK DR & E 47TH DR,CRYSTAL ST,2015,4
E ELLSWORTH AVE & E LOWRY BLVD,ROSEMARY ST,2015,2
E EVANS AVE,I-25 OFF RAMP,2006,6
E EVANS AVE,S BROADWAY BLVD,2006,6
E EVANS AVE,S QUEBEC ST,2006,3
E EVANS AVE,S QUEBEC ST,2014,2
E EXPOSITION AVE & E OHIO AE,S YORK ST ,2015,2
E FLORIDA  AVE & E ARKANSAS AVE,S LOGAN ST,2015,1
E FLORIDA AVE,S HOLLY ST,2006,5
E FLORIDA AVE & E ARKANSAS AVE,S STEELE ST,2015,2
E FLOYD DR & S HOLLY PL,S LOCUST ST,2015,2
E GRANT ST & S LOGAN ST,E OHIO AVE,2014,1
E HAMPDEN AVE,S MONACO PARKWAY,2006,6
E HAMPDEN AVE,S YOSEMITE ST,2006,6
E HAMPDEN AVE ,I-25 OFF RAMP,2006,6
E HARVARD AVE & E WESLEY AVE,S DOWNING ST,2014,1
E HARVARD AVE & VASSAR DR,S SYRACUSE WY,2015,2
E ILIFF AVE & E WESLEY AVE,S DOWNING ST,2014,1
E IOWA AVE & E MEXICO AVE,S STEELE ST,2015,2
E JEWELL AVE 7 E COLORADO AVE,S DOWNING ST,2015,2
E KENTUCKY AVE & E TENNESSEE AVE,S GARFIELD ST,2015,2
E KENTUCKY DR & E OHIO AVE, S DAYTON ST,2015,1
E KENTUCKY DR & E OHIO AVE,S DAYTON ST,2015,1
E KENYON AVE & E JEFFERSON AVE,S YOSEMITE ST,2014,2
E LEETSDALE DRIVE,N QUEBEC ST,2006,4
E LOUISIANA AVE,S COLORADO BLVD,2006,14
E LOUISIANA AVE & E FLORIDA AVE,S MONROE ST,2015,2
E LOWRY BLVD & E 1ST PL,ROSEMARY ST,2015,1
E LOWRY BLVD & E 1ST PL,ROSEMARY ST ,2015,1
E MAPLE AVE & E CEDAR AVE,S. LOGAN ST,2014,1
E MEXICO AVE & E IOWA AVE,S DOWNING ST,2015,2
E MEXICO AVE & E IOWA AVE,S STEELE ST,2015,1
E OBERLIN PL & E OXFORD DR,S TAMARAC DR,2015,2
E OHIO AVE & E EXPOSITION AVE,S. LOGAN ST,2014,2
E OHIO AVE & E KENTUCKY AVE,S YORK ST ,2015,2
E OHIO AVE & E KENTUCKY AVE,S. LOGAN ST,2014,2
E PENSACOLA DR,MAXWELL PL,2009,1
E PRINCETON AVE & E OBERLIN PL,S TAMARAC DR,2015,2
E TENNESSEE AVE & E MISSISSIPPI AVE,S GARFIELD ST,2015,2
E UNION AVE & E TEMPLE DR,S WABASH ST ,2015,2
E UNION AVE & S SPRING CREEK RD,E TEMPLE DR,2015,2
E VASSAR AVE & S HOLLY PL,E. YALE AVE,2014,2
E. 13th AVE.,YOSEMITE ST,2013,2
E. 14th AVE.,YOSEMITE ST,2013,1
E. 14th AVE. ,YOSEMITE ST,2013,1
E. 14th AVE. & E. COLFAX AVE.,N. HUDSON ST.,2012,2
E. 14th AVE. & E. COLFAX AVE.,N. STEELE ST. ,2013,2
E. 16th AVE. & E. COLFAX AVE.,KRAMERIA ST.,2013,2
E. 16th AVE. & E. COLFAX AVE.,N. STEELE ST. ,2013,2
E. 19th AVE & E. !7th AVE PKWY,N. KEARNEY ST,2013,2
E. 19th AVE & E. !7th AVE PKWY,N. KRAMERIA ST,2013,2
E. 19th AVE & E. !7th AVE PKWY,N. LEYDEN ST,2013,2
E. 1st AVE.,IVANHOE ST,2012,2
E. 1st Pl & E. 4th AVE.,RAMPART WAY,2013,1
E. 1st Pl & E. ACADEMY BLVD.,RAMPART WAY,2013,1
E. 23RD ST ,ALBION ST,2008,2
E. 25th PL & CENTRAL PARK BLVD,N. WABASH ST.,2012,2
E. 26th AVE. & E. 27th AVE.,N. STEELE ST. ,2013,2
E. 28th AVE,ROSLYN ST,2012,1
E. 28th AVE. & E. 26th AVE.,N. FULTON ST.,2013,2
E. 28th Pl & E. 28th AVE.,N. HAVANA ST.,2012,1
E. 28th Pl & E. 28th AVE.,N. IOLA ST,2012,1
E. 29th AVE. & E. 28th AVE.,N. FULTON ST.,2013,2
E. 35th AVE & 33rd AVE,CENTRAL PARK BLVD ,2013,1
E. 36th AVE & E. 35th AVE,N. COOK ST.,2012,2
E. 36th AVE. & E. 35th AVE,GRAPE ST,2012,2
E. 36th AVE. & E. 38th AVE,GRAPE ST,2012,2
E. 38th AVE. & E. 37th AVE.,GILPIN ST.,2013,2
E. 3rd AVE & E. 1st AVE,N. KRAMERIA ST,2013,2
E. 40th AVE.,E. 40th CIRCLE,2012,1
E. 40th AVE.,N. AIRPORT WAY,2012,1
E. 40th CIRCLE,"E. 40th AVE,.",2012,1
E. 45th AVE. & E. 44th AVE.,N. STEELE ST. ,2013,2
E. 45th AVE. & E. 44th AVE.,N. YORK ST.,2013,1
E. 46th AVE. & E. 45th AVE.,MADISON ST.,2012,2
E. 47th AVE. & E. 48th AVE.,N. STEELE ST. ,2013,2
E. 47th AVE. & E. 48th AVE.,N. YORK ST.,2013,2
E. 4th Ave & E. 5th Ave,N. PEARL ST,2011,4
E. 51st AVE & E. ELMENDORF DR.,TOWER RD,2013,2
E. 53rd AVE. & E. 48th AVE.,MEMPHIS ST,2012,2
E. 53rd AVE. & E. 54th AVE.,MEMPHIS ST,2012,2
E. 5th AVE & E. 4th AVE,N. LOCUST ST,2013,2
E. 62nd AVE & E. 59th AVE,TOWER RD,2013,2
E. 6th AVE & E. 5th AVE,N. KRAMERIA ST,2013,2
E. 7th AVE. & E. 8th AVE.,N. WILLIAMS ST,2011,2
E. 9TH ,ROSLYN ST,2009,6
E. 9th AVE.,N. CLARKSON ST.,2012,1
E. ALAMEDA Ave,S. COLORADO BLVD,2014,3
E. ARKANSAS AVE,S. COLORADO BLVD,2014,1
E. ARKANSAS AVE. & E. FLORIDA AVE.,S. GAYLORD ST.,2013,2
E. BATES DR,SIDNEY COURT,2009,4
E. BRUCE RANDOLPH AVE,N. YORK ST,2014,2
E. CEDAR AVE & ALAMEDA AVE,S. BIRCH ST,2014,2
E. CEDAR PL. & E. BAYAUD AVE.,FAIRMOUNT DR.,2013,2
E. CORNELL AVE.,S.QUEBEC ST.,2011,2
E. DAKOTA AVE. & E. VIRGINIA AVE,S. HIGH ST,2012,2
E. DAKOTA AVE. & E. VIRGINIA AVE,S. JERSEY ST,2011,2
E. EASTMAN AVE.,S.TAMARAC DR.,2011,2
E. ELGIN PL. & E. 49th AVE.,N. WASHINGTON ST,2013,2
E. ELK DR & ANDREWS DR,N. CRYSTRAL ST,2013,2
E. ELK DR & E. 47th DR,N. CRYSTRAL ST,2013,2
E. ELK PL.,CRYSTAL ST,2008,12
E. ELLSWORTH AVE & E. BAYAUD AVE,S. GARFIELD ST. ,2012,2
E. EXPOSITION AVE,S. COLORADO BLVD,2014,1
E. EXPOSITION AVE & E. OHIO AVE,S. YORK ST,2013,2
E. FLORIDA AVE. & E. IOWA AVE.,S. GAYLORD ST.,2013,2
E. HAMPDEN AVE.,S. VERBENA ST.,2012,2
E. JEWELL AVE & E ASBURY AVE.,S. NIAGARA ST,2011,2
E. LOUISIANA AVE,S. COLORADO BLVD,2014,1
E. LOWRY BLVD & E. BAYAUD AVE.,FAIRMOUNT DR.,2013,2
E. MEXICO AVE,S. COLORADO BLVD,2014,2
E. MEXICO AVE. & E. IOWA AVE.,S. FOREST ST.,2011,2
E. MONTANA Pl & E. COLORADO,S. CLERMONT ST.,2011,2
E. NIELSEN LN & E. BATES AVE. ,S. MADISON ST,2012,2
E. OHIO AVE,S. COLORADO BLVD,2014,1
E. OHIO AVE. & E. EXPOSITION AVE,S. LOGAN ST.,2013,1
E. OHIO AVE. & E. KENTUCKY AVE,S. LOGAN ST.,2013,1
E. OHIO AVE. & E. KENTUCKY AVE,S. YORK ST,2013,2
E. OHIO AVE. & EXPOSITION AVE.,S. LOGAN ST.,2012,2
E. OXFORD DR. & S. TAMARAC DR.,E. QUINCY AVE. ,2013,2
E. QUINCY & E. PRINCETON,S. OLIVE ST.,2011,2
E. QUINCY & E. PRINCETON,S. TAMARAC DR.,2013,3
E. UTAH PL & E. COLORADO AVE.,S. GLENCOE ST.,2011,2
E. VIRGINIA AVE,S. COLORADO BLVD,2014,1
E. VIRGINIA AVE. & E. GILL DR.,S. GARFIELD ST. ,2012,2
EAST FLORIDA AVE,SOUTH QUEBEC WAY,2011,2
EASTMOOR DR,E. QUINCY AVE,2014,1
ELIOT ST,41ST AVE,2006,2
EMERSON ST,1ST AVE,2009,2
EMERSON ST,SPEER BLVD,2009,1
EO STEELE,FLORIDA  AVE,2010,1
EVANS,BROADWAY,2007,5
EVANS,BROADWAY,2014,1
EVANS,BROADWAY ,2007,72
EVANS,BROADWAY ,2008,19
EVANS,BROADWAY BLVD,2011,5
EVANS,COLORADO BLVD,2006,9
EVANS,COLORADO BLVD,2007,36
EVANS,COLORADO BLVD,2008,3
EVANS,QUEBEC ST.,2010,4
EVANS,UNIVERSITY,2008,9
EVANS,UNIVERSITY BLVD,2010,1
EVANS AVE,BROADWAY,2008,35
EVANS AVE,S. COLORADO BLVD  ,2007,3
EVANS AVE ,SHERIDAN BLVD,2015,1
EXPOSITION AVE, EMERSON ST,2011,1
EXPOSITION AVE,DOWNING ST,2009,1
EXPOSITION AVE,EMERSON ST,2009,1
EXPOSITION AVE,LOGAN ST,2009,1
EXPOSITION AVE,LOGAN ST,2011,1
EXPOSITION AVE,WASHINGTON ST,2009,1
EXPOSITION AVE,WASHINGTON ST,2011,1
EXPOSITION/OHIO ST,DOWNING ST,2009,2
FAIRFAX,11TH AVE,2009,1
FAIRFAX ST & ELM ST,E. 13th AVE.,2013,1
FEDERAL,ALAMEDA,2009,12
FEDERAL BLVD,EB COLFAX AVE OFFRAMP,2010,1
FEDERAL BLVD,WB COLFAX AVE OFFRAMP,2010,2
FEDERAL BLVD,WB I-70 OFF RAMP,2007,15
FEDERAL BLVD,WB I-70 OFF RAMP,2008,12
FIELD ST,BELLEVIEW,2008,2
FILLMORE,2ND AVE,2006,2
FILLMORE ST,E EVANS AVE,2015,1
FILLMORE ST,E EVANS AVE ,2015,1
FILLMORE ST.,YALE AVE,2010,3
FILMORE ST & CLAYTON ST,MISSISSIPPI AVE,2011,1
FLA. AVE & W. ARKANSAS AVE.,S. PATTON CT.,2011,2
FLORENCE ST,47TH AVE,2009,4
FLORIDA,FEDERAL,2008,14
FLORIDA ,S. QUEBEC WAY,2009,6
FLORIDA AVE,CLAY ST,2006,4
FLORIDA AVE ,SANTA FE,2012,4
FLORIDA AVE & IOWA AVE,GARFIELD ST,2011,1
FLORIDA AVE & IOWA AVE,JACKSON ST,2011,1
FLORIDA AVE & IOWA AVE,MONROE ST,2011,1
FRANKLIN ST,13TH ST,2006,6
FRANKLIN ST,17TH AVE,2007,7
FRANKLIN ST.,E. LOUISIANA AVE,2014,2
FRONTAGE RD OFF RAMP,JEWELL AVE ,2010,1
FULTON ST,MARTIN LUTHER KING BLVD,2011,2
FULTON ST & FLORENCE ST,E 29th AVE,2015,2
FULTON ST & GALENA ST,FL ORENCE WAY,2015,1
FULTON ST & GALENA ST,FLORENCE WAY,2015,1
GARFIELD & MONROE,EAST 26th AVE,2010,2
GARFIELD ST & JACKSON ST,E. 7th AVE PKWY,2014,2
GARLAND ST,BELLEVIEW,2008,2
GILPIN ST,ARIZONA ST,2009,1
GILPIN ST & FRANKLIN ST.,E. 13th AVE.,2013,1
GLENCO ST,S STAPLETON DR,2006,5
GRANBY ST & CHAMBERS RD,MAXWELL PL,2015,2
GRANT,20TH ST,2009,4
GRANT,7TH ,2006,4
GRANT ST,17TH AVE,2007,4
GRANT ST,45TH AVE,2009,2
GRAPE ST & HUDSON ST,E. 14th AVE.,2013,1
GRAY ST. & GOLDEN CT.,W. 48th AVE.,2012,2
GREEN VALLY RANCH,NORTH FLANDERS WAY,2010,3
GROVE ST & FEDERAL BLVD,W HIGHLAND PK PL,2015,2
HAMPDEN AVE,VERBENA ST,2009,3
HAMPDEN AVE,YOSEMITE ST,2008,168
HARLAN ST. & INGALIS WAY,W. DARTMOUTH AVE.,2011,2
HARRISON ST & JACKSON ST.,E. 16th AVE.,2011,2
HAVANA,E 56TH AVE,2006,4
HAVANA ST,29th AVE,2011,1
HAVANA ST,56TH AVE,2010,2
HAVANA ST,MARTIN LUTHER KING BLVD,2010,2
HAVANA ST,MARTIN LUTHER KING BLVD,2011,1
HAVANA ST,SMITH RD,2010,2
HAVANA ST,SMITH RD EB RT ,2010,1
HAVANA ST,SMITH RD WB RT,2010,1
HAVANA ST & VALENTIA ST,E 56th AVE,2014,2
HIGH ST,23RD AVE,2006,1
HOLLY ST.,IVANHOE ST,2012,2
I-225,DTC BLVD,2006,12
I-225,DTC BLVD,2007,72
I-225,DTC BLVD,2008,6
I-225,S YOSEMITE ST,2006,14
I-225 FRONTAGE RD,S YOSEMITE ST,2014,1
I-225 FRONTAGE RD ,S YOSEMITE ST,2014,1
I-225 FRONTAGE RD S & E RADCLIFF,S YOSEMITE ST,2014,2
I-25,COLFAX AVE,2010,1
I-25,COLFAX AVE ,2010,1
I-25,E EVANS AVE,2006,20
I-25,E HAMPDEN AVE ,2006,6
I-25,EVANS,2006,18
I-25,EVANS,2007,72
I-25,EVANS,2008,12
I-25,S BROADWAY BLVD,2006,3
I-25,S BROADWAY BLVD TO I-25 SB,2006,3
I-25,UNIVERSITY BLVD TO I-25 NB,2007,4
I-25,UNIVERSITY BLVD TO I-25 SB,2007,4
I-25,YALE AVE,2011,2
I-25 NORTH BOUND,UNIVERSITY BLVD,2007,4
I-70,YORK ST ,2015,1
I-70  ,MONACO PKWY,2010,2
I-70  ,PECOS ,2010,6
I-70  ,QUEBEC ST.,2010,2
I-70 & E. 45th AVE.,N. WASHINGTON ST,2013,2
I-70 EB & W 48th AVE,N LOWELL BLVD,2014,2
I-70 WEST BOUND  OFFRAMP,FEDERAL BLVD,2007,36
I-70 WEST BOUND  OFFRAMP,FEDERAL BLVD,2008,12
ILIFF,QUEBEC,2006,9
ILIFF,QUEBEC,2007,45
ILIFF,QUEBEC,2008,6
ILIFF AVE,SOUTH QUEBEC ST,2010,2
IOLA,MARTIN LUTHER KING BLVD,2011,1
IOWA,SANTA FE,2008,42
IOWA,"SANTA FE ""HOV LANE""",2008,21
IOWA,SANTA FE RIGHT TURN,2008,21
IRVING,26TH,2008,2
IRVING,29TH,2008,2
IRVING ST,JEWELL ST,2009,6
IRVING ST & JULIAN ST,W 38th AVE ,2014,2
IRVING ST & JULIAN ST,W. 30th AVE,2014,2
JACKSON ST & HARRISON ST,MEXICO AVE,2011,1
JAVA CT & IRVING ST,W. 26th AVE,2014,2
JAVA CT & IRVING ST,W. 29th AVE. ,2014,2
JEWELL,FEDERAL,2008,14
JEWELL,ZUNI,2008,3
JOLIET ST & OSWEGO ST,E 56th AVE,2014,2
JOSEPHINE,7TH ,2006,6
JOSEPHINE,E 31ST AVE,2007,2
JOSEPHINE,E 7TH AVE,2006,1
JOSEPHINE & YORK ST,E 45TH AVE,2015,1
JULIAN & KNOX CT,W 3RD AVE,2015,2
JULIAN ST & KNOX CT,W 12th AVE,2014,2
JULIAN ST & N. IRVING ST.,W. 19th AVE.,2012,2
KALAMATH,ALAMEDA,2006,6
KALAMATH,ALAMEDA,2007,38
KALAMATH,ALAMEDA,2008,1
KALAMATH,ALAMEDA,2013,2
KENTUCKY AVE,DOWNING ST,2010,2
KENTUCKY AVE,MORRISON RD,2009,2
KING ST & KNOX CT,W 3RD AVE,2015,2
KINGSTON ST.,47th AVE,2010,2
LAFAYETTE,BRUCE RANDOLPH,2006,1
LARIMER ST.,15th ST.,2013,1
LAWRENCE & LARIMAR,27th STREET,2012,2
LAWRENCE & LARIMAR,30th STREET,2012,2
LAWRENCE & LARIMAR,32nd STREET,2012,2
LEETSDALE,ALAMEDA,2010,1
LEETSDALE,ALEMEDA,2010,1
LEETSDALE,DAHLIA,2008,2
LEETSDALE,DAHLIA ST,2008,6
LEETSDALE,QUEBEC ST.,2010,4
LEETSDALE DR & E ALAMEDA AVE,S DAHLIA ST,2015,2
LINCOLN,ALAMEDA,2006,6
LINCOLN,ALAMEDA,2007,36
LINCOLN ST,45TH AVE,2009,2
LITTLE RAVEN ST. & 18th ST.,BASSETT ST.,2012,2
LOCUST ST,S HOLLY PL,2010,4
LOGAN ,7TH ,2006,2
LOGAN ST,17TH AVE,2007,3
LOGAN ST,20TH ST,2009,4
LOGAN ST,8TH AVE,2010,1
LOGAN ST,9TH AVE,2009,6
LOGAN ST & GRANT ST,E 9th AVE,2013,2
LOGAN ST & PENNSYLVANIA ST,E. 13th AVE.,2013,1
LOUISANA AVE,S. FRANKLIN ST,2011,2
LOUISIANA,BROADWAY,2006,4
LOWELL,35TH,2008,2
LOWELL,COLFAX ,2008,6
MADISON ST,17TH  AVE,2008,5
MADISON ST,17TH AVE,2009,2
MADISON ST & MONROE ST,E 26TH AVE,2015,2
MADISON ST & MONROE ST,MISSISSIPPI  AVE,2011,1
MAGNOLIA ST,YALE AVE,2009,1
MARION,7TH ,2006,6
MARION ST,ALAMEDA,2011,2
MARION ST,E 31ST AVE,2007,2
MARION ST,LOUISIANNA ST,2009,1
MARION ST,VIRGINIA ST,2009,1
MARION ST,VIRGINIA ST,2011,1
MARION ST & DOWNING ST,E. 13th AVE.,2013,1
MARIPOSA ST,8TH AVE,2007,4
MARIPOSA ST & OSAGE ST,W 13TH AVE,2015,1
MARKET ST. & BLAKE ST.,18th ST.,2013,2
MARTIN LUTHER KING BLVD,CENTRAL PARK BLVD,2009,2
MARTIN LUTHER KING BLVD,HAVANA ,2011,2
MARTIN LUTHER KING BLVD,IOLA,2011,1
MARTIN LUTHER KING BLVD,MONACO PKWY,2009,2
MARTIN LUTHER KING BLVD,MONACO PKWY,2010,4
MARTIN LUTHER KING BLVD,QUEBEC ST.,2010,5
MEXICO AVE & IOWA AVE,STEELE ST,2011,1
MILWAUKEE,2ND AVE,2006,2
MILWAUKEE,3RD AVE,2006,2
MILWAUKEE ST & E ALAMEDA CIR,E. ALAMEDA AVE,2013,2
MISSISSIPPI,BROADWAY,2006,3
MISSISSIPPI ,PARKER RD,2010,2
MLK,CENTRAL PARK BLVD,2010,2
MLK,N. EMPORIA ST.,2011,6
MONACO,EVANS,2007,18
MONACO,EVANS,2008,6
MONACO,EVANS,2010,2
MONROE ST,LOUISIANA  AVE,2007,3
MONROE ST,LOUISIANA  AVE,2008,3
MONROE ST & MADISON ST,E. 16th AVE.,2011,2
MONROE ST & MADISON ST,FLORIDA  AVE,2011,1
MONTVIEW BLVD,ALBION ST,2008,2
MONTVIEW BLVD,CENTRAL PARK BLVD,2010,2
MONTVIEW BLVD,QUEBEC ST.,2010,4
MONTVIEW BLVD,SYRACUSE ST,2010,5
MONTVIEW BLVD,YOSEMITE ST,2010,2
MORRISON RD,S. PERRY ST,2011,2
N ADAMS ST & N STEELE ST,E 26th AVE,2014,1
N ADAMS ST & N STEELE ST,E 26th Ave,2014,1
N ADAMS ST & N STEELE ST,E. 16th AVE.,2013,2
N BELLAIRE ST,E 23rd AVE,2014,2
N CHAMBERS RD,E 56TH AVE,2006,3
N CHERRY ST & N DEXTER ST,E 23rd AVE,2014,2
N CLAY ST & N BRYANT ST,W 23rd AVE,2014,2
N COLORADO BLVD,E 23RD AVE,2009,6
N COLORADO BLVD,E 40TH AVE ,2006,18
N COLORADO BLVD,E ALAMEDA AVE,2006,14
N CORNISH CT & N CRYSTAL ST,E ELK DR ,2015,2
N DEXTER ST & N DAHLIA,E 23rd AVE,2014,2
N DOWNING ST & N MARION ST,E 14th AVE,2015,1
N ELM ST & N FAIRFAX ST,E 23rd AVE,2014,2
N EUDORA ST & DAHLIA ST,E 1st AVE,2013,2
N EUDORA ST & N ELM ST,E 23rd AVE,2014,1
"N FEDERAL BLVD  ,SO BOUND ",COLFAX AVE OFFRAMP,2009,7
N FOREST ST,E SMITH RD,2006,4
N FRANKLIN ST & N WILLIAMS ST,E 40th AVE,2015,2
N GLENCOE ST & N GRAPE ST,E 23rd AVE,2014,2
N GRANT ST & N LOGAN ST,E 14th AVE,2015,1
N HAZEL CT & N HOOKER ST,W 12th AVE,2015,2
N HOLLY ST & N IVANHOE ST,E 23rd AVE,2014,3
N HUDSON ST & N HOLLY ST,E 23rd AVE,2014,2
N Hanover & N Havana ST,E 28th AVE,2015,2
N Hanover & N Havana ST,E 28th PL,2015,2
N IRVING ST,W 46TH AVE,2006,6
N IRVING ST & N ELOIT ST,W COLFAX AVE,2015,2
N IRVING ST & N JULIAN ST,W 30th AVE,2014,2
N IRVING ST & N JULIAN ST,W 32nd AVE,2014,2
N IRVING ST & N JULIAN ST,W 38th AVE ,2014,2
N IRVING ST & N JULIAN ST,W COLFAX AVE,2015,2
N IVY ST & N JERSEY ST,E 9th AVE,2014,2
N JAVA CT & N IRVING ST,W 26th AVE,2014,2
N JAVA CT & N IRVING ST,W 29th AVE,2014,2
N JERSEY ST & N JASMINE ST,E 9th AVE,2014,2
N JOSEPHINE ST & N COLUMBINE ST,E 14th AVE,2015,1
N JULIAN ST & N IRVING ST,W 12th AVE,2015,2
N JULIAN ST & N IRVING ST,W 46th AVE,2014,2
N LIPAN ST,W COLFAX AVE,2014,1
N LOWELL BLVD,I-70 EXIT RAMP,2014,1
N LOWELL BLVD,W 29TH AVE,2006,4
N LOWELL BLVD,W 41st AVE ,2014,4
N LOWELL BLVD & N MEADE ST,W 48th AVE,2014,2
N MARIPOSA ST & N LIPAN ST,W. 40th AVE,2013,2
N MONROE ST & N MADISON ST,E. 16th AVE.,2013,2
N PERRY ST,W 38TH AVE,2006,3
N PERRY ST & N OSCEOLA ST,W 29th AVE,2014,2
N PERRY ST & N OSCEOLA ST,W 32nd AVE,2014,2
N PERRY ST & N OSCEOLA ST,W 45th AVE,2014,2
N PERRY ST & N QUITMAN ST,W 45th AVE,2014,2
N QUEBEC ST,E LEETSDALE DRIVE,2006,6
N QUITMAN ST & N PERRY ST,W 32nd AVE,2014,2
N ROSLYN ST,E 28th AVE,2014,2
N SAINT PAUL & N STEELE ST,E 26th Ave,2014,2
N SHERIDAN BLVD,W 17TH AVE,2009,12
N SHERIDAN BLVD,W BYRON PLACE,2009,7
N SHERIDAN BLVD,W COLFAX AVE,2006,54
N SHERMAN ST & N GRANT ST,E 11th AVE,2014,1
N SHERMAN ST & N LINCOLN ST,E 11th AVE,2014,1
N SPRUCE ST & N RED CROSS WAY,E 1st PL,2014,1
N STUART ST & N TENNYSON ST,W 38th AVE ,2014,2
N STUART ST & RALEIGH ST,W 26th AVE,2014,2
N STUART ST & RALEIGH ST,W 29th AVE,2014,2
N STUART ST & RALEIGH ST,W 30th AVE,2014,2
N STUART ST & RALEIGH ST,W 32nd AVE,2014,2
N TENNYSON ST,W 29th AVE,2015,2
N TENNYSON ST ,W 29th AVE,2015,2
N TENNYSON ST & N STUART ST,W 32nd AVE,2014,2
N TENNYSON ST & N UTICA ST,W 17th AVE,2014,2
N TENNYSON ST & N UTICA ST,W 32nd AVE,2014,2
N TOWER RD,48TH AVE,2006,4
N ULSTER CT & N SPRUCE ST,POWERHOUSE PL,2014,2
N ULSTER WAY & E 8th AVE,N. UINTA WAY,2013,2
N UTICA ST & N VRAIN ST,W 17th AVE,2014,2
N XAVIER ST & N WOLFF ST,W COLFAX AVE,2015,2
N. AIRPORT WAY,"E. 40th AVE,.",2012,1
N. CROWN BLVD. & N. CARSON ST.,E. 52nd AVE.,2012,2
N. EMPORIA ST.,26TH AVE,2011,8
N. EMPORIA ST.,MLK,2011,4
N. FILLMORE ST. & N. MILWAUKEE,E. 6th AVE.,2012,1
N. GALENA ST. & N. GENEVA ST.,E. 31st AVE. ,2013,2
N. GENEVA CT. & N. GENEVA ST.,E. 31st AVE. ,2013,2
N. HIGH ST,E. 31st AVE. ,2013,1
N. HIGH ST,MARTIN LUTHER KING BLVD,2013,1
N. IRVING ST & JULIAN ST,W. 17th AVE,2013,2
N. JASMINE ST & N. KEARNEY ST,E. 1st AVE,2013,2
N. JULIAN ST & N IRVING ST,W. 17th AVE,2012,2
N. KRAMERIA ST & N. KEARNEY ST,E. 3rd AVE,2013,2
N. LOWELL BLVD,W. 29th AVE. ,2012,2
N. MADISON ST,MARTIN LUTHER KING BLVD,2013,2
N. MEADE ST & NEWTON ST,W. 17th AVE,2013,2
N. NEWTON ST & N. MEADE ST,W. 17th AVE,2012,2
N. PONTIAC ST.,E. 11th AVE.,2012,4
N. RAMPART WAY,E. 4th AVE.,2012,2
N. SYRACUSE ST.,E. 4th AVE.,2012,2
N. SYRACUSE ST. & ROSEMARY ST,E. 13th AVE.,2013,1
N. SYRACUSE ST. & ROSEMARY ST,E. 14th AVE.,2013,1
N. SYRACUSE ST. & SPRUCE ST.,E. 13th AVE.,2013,1
N. SYRACUSE ST. & SPRUCE ST.,E. 14th AVE.,2013,1
N. TENNYSON ST,W. 17th AVE,2012,2
N. ULSTER ST,23RD AVE,2008,6
N. ULSTER ST. & N. UINTA ST.,E. 23rd AVE.,2012,2
N. VALENTIA ST. & VERBENA ST.,E. 14th AVE.,2013,1
N. VRAIN ST,W. 17th AVE,2012,2
N. VRAIN ST & WINONIA ST,W. 17th AVE,2013,2
N. WASHINGTON ST.,RINGSBY CT,2011,2
NASSAU AVE,S. YOSEMITE ST.,2014,2
NEWPORT ST,E. COLFAX AVE,2014,2
NIAGRA ST,26TH AVE,2009,4
NO  COLFAX AVE.,COLORADO BLVD,2010,1
NO 18th AVE,YORK ST,2010,2
NO 23rd AVE,YORK ST,2010,2
NO 26th Ave,YORK ST,2010,2
NO 30th AVE>,COLORADO BLVD,2010,1
NO BAYAUD,WASHINGTON ST,2010,1
NO KENTUCKY,EMERSON ST,2010,1
NO KENTUCKY,WASHINGTON ST,2010,1
NO. of 2nd AVE,COLORADO BLVD,2010,1
NORTH  ROSLYN  WAY,MARTIN LUTHER KING BLVD,2011,2
NORTH DAHLIA ST,NORTH STAPLETON DR,2010,1
NORTH DAHLIA ST,SOUTH STAPLETON DR,2010,1
NORTH FLANDERS WAY,GREEN VALLEY RANCH,2010,2
NORTH IRVING ST,WEST 17th AVE,2010,2
NORTH MEADE ST,WEST 17th AVE,2010,2
NORTH MONACO ST,NORTH STAPLETON DR,2010,1
NORTH MONACO ST,SOUTH STAPLETON DR,2010,1
NORTHBOUND UNIVERSITY,I-25 NORTH BOUND OFFRAMP,2007,2
NORTHBOUND UNIVERSITY,I-25 SOUTH BOUND OFFRAMP,2007,2
OGDEN,7TH ,2006,6
OGDEN & CORONA,4th Ave. ,2011,2
OGDEN & CORONA,5th AVE,2011,2
OLIVE ST. & PONTIAC,E 17th AVE,2012,2
ONEIDA ST,E. COLFAX AVE,2014,2
OSAGE ST & PECOS ST,W 13TH AVE,2015,1
OSAGE ST & PECOS ST,W 38th AVE ,2015,2
PARKER RD,MISSISSIPPI  ,2010,2
PEARL & WASHINGTON,4th Ave. ,2011,2
PECOS,I-70,2010,1
PENA BLVD,N TOWER RD,2006,2
PENNSYVANIA & PEARL,5th AVE,2011,2
PENNSYVANIA ST & LOGAN ST,E 9th AVE,2013,2
PEORIA & N. TULSA CT.,ALBROOK DR,2011,2
PEORIA ST.,39th AVE.,2011,2
PERRY ST,38TH AVE,2006,4
PERRY ST,38TH AVE,2008,6
PERRY ST,MORRISON RD,2009,1
PERRY ST,MORRISON RD,2011,2
PLATTE RIVER DR.,MISSISSIPPI,2012,2
PULASKI PARK WO COLO BLVD,CHERRY CREEK DR NORTH,2009,14
QUEBEC,EVANS,2006,9
QUEBEC,EVANS,2007,36
QUEBEC,EVANS,2008,3
QUEBEC,LEETSDALE,2008,14
QUEBEC ST,56TH AVE,2012,2
QUEBEC ST,EVANS ,2010,6
QUEBEC ST,MISSISSIPPI  AVE,2010,2
QUEBEC ST,YALE AVE,2009,1
QUITMAM ST & RALEIGH ST,WEST 5thAVE,2011,2
RACE ST & VINE ST,E 12th AVE,2014,2
RAMPART WAY & N. ROSLYN ST.,E. 1st Pl.,2013,1
RAMPART WAY & SPRUCE ST.,ACADEMY BLVD,2013,2
RINGSBY,WASHINGTON,2008,6
ROSEMARY ST & QUINCE ST,E LOWRY BLVD,2015,2
ROSEMARY ST & SPRUCE ST,E LOWRY BLVD,2015,2
ROSEMARY ST. & RAMPART WAY,E. 1st Pl.,2013,1
ROSLYN ST,E. 28th AVE,2012,4
ROSLYN ST & WABASH ST,53RD PL,2015,2
S ADAMS ST & S COOK ST,E DARTMOUTH AVE,2013,4
S ADAMS ST & S STEELE ST,E ARIZONA AVE ,2015,2
S ADAMS ST & S STEELE ST,E MEXICO AVE,2015,1
S ADAMS WAY & E FLORA ST,S MONROE ST,2014,2
S BANNOCK,W EVANS ,2006,2
S BIRCH & S CLERMONT,EAST CORNELL AVE,2010,2
S BROADWAY BLVD,E EVANS AVE,2006,3
S BROADWAY BLVD,I-25 OFF RAMP,2006,3
S BROADWAY BLVD,W ALAMEDA AVE,2006,3
S BUCHTEL BLVD ,S EMERSON ST,2006,4
S CLAYTON ST & S COLUMBINE ST,E ASBURY AVE,2015,2
S CLAYTON ST & S COLUMBINE ST,E YALE AVE,2013,2
S CLAYTON ST & S FILLMORE ST,E EVANS AVE,2015,2
S COLORADO BLVD,CHERRY CREEK DR SOUTH,2009,14
S COLORADO BLVD,E EVANS AVE,2006,13
S COLUMBINE ST & S JOSEPHINE ST,E ASBURY AVE,2015,2
S CORONA ST & S DOWNING ST,E COLORADO AVE,2015,2
S CORONA ST & S DOWNING ST,E MEXICO AVE,2015,2
S DAHLIA ST & S CHERRY ST,LEETSDALE DR,2015,1
S DAHLIA ST & S ELM ST,LEETSDALE DR,2015,1
S DAKOTA ST,CHERRY CREEK DR NORTH,2009,14
S DALE CT & S CLAY ST,W FLORIDA AVE,2013,2
S DECATUR ST & S FEDERAL BLVD,W WARREN AVE,2014,2
S DETROIT ST & S FILLMORE ST,E DARTMOUTH AVE,2013,3
S DETROIT ST & S FILLMORE ST,E. DARTMOUTH AVE.,2013,1
S DOWNING  ST & CORONA ST    ,E EWESLY AVE,2014,1
S DOWNING ST & CORONA,E WESLEY AVE ,2014,1
S FEDERAL BLVD,W EVANS ,2006,2
S FENTON ST & S HARLEN ST,W HAMPDEN AVE,2014,2
S FRANKLIN ST & S HUMBOLDT ST,E. DAKOTA AVE,2014,2
S GARFIELD ST & S MONROE ST,E FLORIDA AVE,2015,2
S GARFIELD ST & S MONROE ST,E TENNESSEE AVE,2015,2
S GAYLORD ST & S YORK ST,E OHIO AVE,2015,2
S GILPIN ST & S FRANKLIN ST,E. DAKOTA AVE,2014,2
S GRANT ST & S LOGAN ST,E FLORIDA AVE,2015,2
S HARRISON ST & CHERRY CK DR S,S HARRISON LN,2015,2
S HARRISON ST & S COLORADO BLVD,E YALE AVE,2014,1
S HIGH ST & S RACE ST,E DAKOTA AVE,2015,2
S HOLLY PL & E HAMPDEN AVE,S LOCUST ST,2015,2
S HOLLY PL & S JERSEY ST,E. YALE AVE,2014,1
S HOLLY ST,E ALAMEDA AVE,2014,2
S HOLLY ST,E EVANS AVE,2014,1
S HOLLY ST,E FLORIDA AVE,2006,4
S HOLLY ST,LEETSDALE DR,2014,2
S HOLLY ST & IVY ST,E FLORIDA AVE,2014,1
S HOLLY ST & S HUDSON ST,E CEDAR AVE,2014,2
S HOLLY ST & S IVY ST,E FLORIDA AVE,2014,1
S HOYT ST & S HOLLAND ST,W STANFORD AVE,2015,2
S HUDSON ST & S HOLLY ST,E FLORIDA AVE,2014,2
S HURON ST & S SANTE FE DR,S PLATTE RIVER DR,2014,3
S INDEPENDENCE ST & S HOYT ST,W STANFORD AVE,2015,2
S IRVING ST,W FLORIDA  AVE,2009,6
S IVY ST & S HOLLY ST,E CEDAR AVE,2014,2
S JACKSON ST & S GARFIELD ST,E TENNESSEE AVE,2015,2
S JASON ST & W ALAMEDA AVE,S PLATTE RIVER DR,2014,2
S KALAMATH ST,W ALAMEDA AVE,2006,3
S KENDALL ST & S HARLEN ST ,W HAMPDEN AVE,2014,2
S KENDALL ST & W HAMILTON DR,W HAMPDEN AVE,2014,2
S KING ST & S LOWELL BLVD,W KENYON AVE,2015,2
S KNOX CT & S IRVING ST,W FLORIDA AVE,2013,2
S KNOX CT & S LOWELL BLVD,W MISSISSIPPI AVE,2014,2
S LEYDEN ST & S KRAMERIA ST,E CEDAR AVE ,2015,2
S LINCOLN ST,E ALAMEDA AVE,2006,3
S LOCUST ST & S LEYDEN ST,E CEDAR AVE ,2015,2
S LOCUST ST & S LEYDEN ST,S HOLLY PL,2015,2
S LOWELL,W MISSISSIPPI AVE,2014,1
S LOWELL BLVD & FORT LOGAN CEM,W KENYON AVE,2015,2
S MARION ST,E ALAMEDA AVE,2009,6
S MARION ST & S DOWNING ST,E COLORADO AVE,2015,2
S MARION ST & S DOWNING ST,E MEXICO AVE,2015,2
S MARION ST & S DOWNING ST,E WESLEY AVE ,2010,1
S MARION ST & S DOWNING ST,E WESLEY AVE ,2014,1
S MONACO PARKWAY,E HAMPDEN AVE,2006,6
S MONACO PKY,E YALE AVE,2014,1
S MONROE ST & E EASTMAN AVE,S ADAMS WAY,2014,2
S NAVAJO ST & S PLATTE RIVER DR,W BAYAUD AVE,2014,2
S NEWPORT ST & S MONACO PKWY,E BATES AVE,2015,2
S ONEIDA WAY,E EXPOSITION AVE,2009,6
S PENNSYLVAINIA ST & S LOGAN ST,E FLORIDA AVE,2015,2
S PENNSYLVANIA ST & LOGAN ST,E OHIO AVE,2014,1
S PERRY ST & S PATTON CT,MORRISON RD,2015,4
S PERRY ST & S QUITMAN ST,MORRISON RD,2015,4
S QUEBEC ST,E EVANS AVE,2006,3
S QUEBEC ST,E YALE AVE,2014,1
S QUITMAN ST & S RALEIGH ST,W DARTMOUTH AVE,2013,2
S RACE ST & S VINE ST,E DAKOTA AVE,2015,2
S SANTA FE DRIVE, W MISSISSIPPI AVE,2006,6
S SANTA FE DRIVE,W ALAMEDA AVE,2006,3
S SANTA FE DRIVE,W FLORIDA AVE,2006,4
S SANTA FE DRIVE,W IOWA ST,2006,2
S SHERIDAN BLVD,W JEWELL AVE,2006,4
S SHERIDAN BLVD,W JEWELL AVE,2009,24
S SHERIDAN BLVD & BOW MAR DR,W QUINCY AVE,2014,2
S ST PAUL ST & S STEELE ST,E ARIZONA AVE ,2015,2
S ST PAUL ST & S STEELE ST,E LOUISIANA AVE,2015,1
S ST PAUL ST & S STEELE ST,E MEXICO AVE,2015,2
S STAPLETON DR,N HOLLY ST,2006,10
S STEELE ST & S SAINT PAUL,E FLORIDA AVE,2015,2
S TAMARAC DR,E OBERLIN PL,2015,2
S UNIVERSITY & S MILWAUKEE ST,E. CEDAR AVE,2013,2
S VRAIN ST & MORRISON RD,W KENTUCKY AVE,2015,2
S WILLIAMS ST & S GILPIN ST,E DAKOTA AVE,2014,2
S WILLIAMS ST & S HIGH ST,E DAKOTA AVE,2014,2
S WOLFF ST & S YATES ST,W KENTUCKY AVE,2015,2
S YATES ST,W FLORIDA  AVE,2009,6
S YATES ST & S WOLFF ST,MORRISON RD,2015,2
S ZENOBIA ST & S YATES ST,W DARTMOUTH AVE,2013,2
S. ADAMS ST. & S. STEELE ST.,E. KENTUCKY AVE.,2013,2
S. ADAMS WAY,S. MONROE ST.,2011,2
S. ALBION ST.,E. ILIFF AVE.,2011,2
S. BELLAIRE ST. & S. CLERMONT DR,E. YALE AVE.,2013,2
S. CLAY ST.,W. FLORIDA AVE.,2011,2
S. CLAYTON ST.,E BUCHTEL BLVD,2011,2
S. CLERMONT ST.,E. COLORADO AVE,2011,2
S. EUDORA ST. & S. FAIR FAX ST.,E. YALE AVE.,2013,2
S. FAIRFAX ST. & S. FILBERT CT.,E. MEXICO AVE.,2011,2
S. FAIRMOUNT DR.,E. SPORTS BLVD.,2013,1
S. FAIRMOUNT DR. ,E. SPORTS BLVD.,2013,1
S. FAIRMOUNT DR. & S. ULSTER ST.,E. BAYAUD AVE,2013,2
S. FENTON ST. & S. FENTON WAY,W. LEHIGH AVE. ,2013,2
S. FENTON ST. & S. HARLAN ST.,W. HAMPDEN AVE.,2012,2
S. FOREST ST. & S. GLENCOE ST.,E. MEXICO AVE.,2011,2
S. FRANKLIN ST ,E. LOUISANA AVE,2011,4
S. GARFIELD ST & S. JACKSON ST,E. BAYAUD AVE,2012,2
S. GAYLORD ST. & S. YORK ST.,E. FLORIDA AVE.,2013,2
S. GRANT ST & S. LOGAN ST,E. OHIO AVE.,2013,1
S. GRANT ST. & S. LOGAN ST,E. LOUISIANA AVE,2014,2
S. HIGH ST.,E. VIRGINIA AVE,2012,4
S. HOLLY AND E. HAMPDEN AVE.,S LOCUST ST,2011,2
S. HUMBOLDT ST. & S. LAFAYETTE ST.,E. LOUISANA AVE,2012,2
S. IRVING ST.,W. FLORIDA AVE.,2011,2
S. IRVING ST.,W. JEWELL,2011,4
S. IVAN CT. & S. KENDALL ST. ,W. HAMPDEN AVE.,2012,2
S. JERSEY ST & S. IVY ST.,E. DAKOTA AVE,2011,2
S. LOCUST AND S. LEYDEN ST,S. HOLLY PL,2011,2
S. LOWELL BLVD & S. MEADE ST.,MORRISON RD,2012,2
S. MADISON ST.,BAYAUD AVE,2012,2
S. MADISON ST. & E. YALE AVE.,E. NIELSEN LN,2012,2
S. MADISON ST. & S. ADAMS ST.,E. KENTUCKY AVE.,2013,2
S. MONROE ST.,E BUCHTEL BLVD,2011,2
S. NEWPORT ST. AND NIAGRA ST,E. JEWELL AVE,2011,2
S. ONEIDA WAY,S. PONTIAC ST.,2011,2
S. PATTON CT.,W. ARKANSAS AVE.,2011,2
S. PENNSYLVANIA & S. LOGAN ST,E. OHIO AVE.,2013,2
S. PERRY ST. & S. PATTERSON ST.,MORRISON RD,2012,2
S. PONTIAC ST.,E. GIRARD AVE.,2011,2
S. PONTIAC ST.,S. ONEIDA WAY,2011,2
S. QUEBEC ST.,E. PRINCETON ,2011,2
S. QUEBEC ST.,YALE AVE,2011,2
S. QUEBEC WAY,FLORIDA ,2009,6
S. QUITMAN ST & S PERRY ST,MORRISON RD,2012,2
S. RALEIGH ST. & S. QUITMAN ST.,W. DARTMOUTH AVE.,2012,2
S. SHERIDAN AVE & BOW MAR DR,W. QUINCY AVE,2011,5
S. SHERIDAN AVE & BOW MAR DR,W.QUINCY AVE,2011,1
S. SIDNEY CT & S. SEBRING CT.,E PRINCETON AVE,2011,2
S. STEELE ST.,CHERRY CK DR SOUTH,2011,2
S. STEELE ST. & S. GARFIELD ST.,E. VIRGINIA AVE,2012,2
S. STUART ST. & S. RALEIGH ST.,W. DARTMOUTH AVE.,2012,2
S. TAMARAC PKWY & S. TAMARAC DR,E. QUINCY AVE. ,2013,3
S. TEJON ST. & S. VALLEJO ST. ,W. JEWELL,2012,1
S. VERBENA ST.,E. HAMPDEN AVE.,2012,2
S. VINE ST. & S. GAYLORD ST.,E. FLORIDA AVE.,2013,2
S. VRAIN ST &  S. UTICA ST,W. DARTMOUTH AVE,2014,2
S. WABASH ST.,E. TEMPLE DR.,2012,2
S. WILLIAMS ST. & HIGH ST.,E. LOUISANA AVE,2012,2
S. XAVIER & S. YATES ST.,W. FLORIDA AVE.,2011,2
S. YORK ST & S GAYLORD ST.,E. OHIO AVE.,2013,2
S. YORK ST & S UNIVERSITY BLVD,E. OHIO AVE.,2013,2
S. ZENOBIA ST.,W. JEWELL,2011,2
S. ZENOBIA ST. & S. YATES ST.,W. DARTMOUTH AVE.,2012,1
S. ZENOBIA ST. & S. ZURICH ST.,W. DARTMOUTH AVE.,2012,1
SANTA FE,ALAMEDA,2006,6
SANTA FE,ALAMEDA,2007,36
SANTA FE,FLORIDA ,2008,42
SANTA FE INTERCHANGE,ALAMEDA,2013,2
SANTA FE INTERCHANGE,EVANS AVE,2011,1
SANTA FE INTERCHANGE,FLORIDA  AVE,2012,3
SANTA FE INTERCHANGE,MISSISSIPPI,2012,2
SHERIDAN BLVD,38TH AVE,2010,4
SHERIDAN BLVD,46TH AVE,2009,1
SHERIDAN BLVD,MORRISON RD,2009,1
SMITH RD,HAVANA ST,2010,2
SMITH RD,HAVANA ST NB RT,2010,1
SMITH RD,HAVANA ST SB RT,2010,1
SO 17th AVE.,COLORADO BLVD,2010,1
SO BAYAUD,EMERSON ST,2010,1
SO FILLMORE,BUCHTEL BLVD,2010,2
SO FLORIDA AVE,GRANT ST.,2010,2
SO MLK,COLORADO BLVD,2010,1
SO. GALENA WAY,ALAMEDA,2010,2
SO. of 3rd AVE,COLORADO BLVD,2010,1
SOUTH BOUND UNIVERSITY,I-25 NORTH BOUND OFFRAMP,2007,2
SOUTH BOUND UNIVERSITY,I-25 SOUTH BOUND OFFRAMP,2007,2
SOUTH HOLLY ST,YALE AVE,2010,2
SOUTH IVY ST,EASE DAKOTA   AVE,2010,1
SOUTH IVY ST,EAST DAKOTA   AVE,2010,1
SOUTH MONACO,YALE AVE,2010,2
SOUTH MONACO Ln 1,YALE AVE,2010,1
SOUTH MONACO Ln 2,YALE AVE,2010,1
SOUTH MONACO Ln1,YALE AVE,2010,1
SOUTH MONACO Ln2,YALE AVE,2010,1
SOUTH QUEBEC ST,YALE AVE,2010,2
SOUTH QUEBEC WAY,EAST FLORIDA AVE,2011,2
SOUTH WABASH ST,EAST TEMPLE DR,2010,2
SOUTH WOLFF ST,WEST QUINCY AVE,2010,2
SPEER BLVD,I-25 SB OFF RAMP,2007,2
SPEER BLVD,I-25SB OFF RAMP,2007,33
ST PAUL,2ND AVE,2006,2
ST PAUL,3RD AVE,2006,2
ST PAUL,VASSAR,2006,1
ST PAUL ST,LOUISIANNA ST,2010,4
ST PAUL ST & STEELE ST,E 26TH AVE,2015,2
ST PAUL ST & STEELE ST,FLORIDA  AVE,2011,1
ST. PAUL ST & STEELE ST,E. 26th AVE. ,2013,4
STEELE  ST,FLOYD DR,2010,1
STEELE  ST & ST PAUL,EAST 26th AVE,2010,2
STEELE ST,26TH AVE,2009,2
STEELE ST,FLOYD DR,2010,1
STEELE ST. & MADISON ST.,E. 46th AVE.,2012,3
STOUT ST,18TH ,2006,3
STOUT ST,19TH ,2006,3
STUART ST & RALEIGH ST,W. 26th AVE,2014,2
STUART ST & RALEIGH ST,W. 29th AVE. ,2014,2
STUART ST & RALEIGH ST,W. 30th AVE,2014,2
STUART ST & TENNYSON ST,W 38th AVE ,2014,2
STUART ST. & S. RALEIGH ST.,MORRISON RD,2012,2
STUART/WALSH,MORRISON RD,2009,2
SYRACUSE CT & SYRACUSE ST,E 11TH AVE,2015,2
SYRACUSE ST.,E. 28th AVE,2012,4
SYRACUSE ST.,E. 35TH AVE.,2012,2
So. BELLAIRE St.,JEWELL AVE ,2010,1
So. KENTON,DARTMOUTH,2010,2
TAMARAC DR,CORNELL AVE,2009,1
TEJON ,TENNESSEE,2008,6
TENNESSEE,TEJON,2008,6
TENNYSON ST,26TH AVE,2009,6
TENNYSON ST,46TH AVE,2009,1
TENNYSON ST & UTICA ST,W. 17th AVE,2013,2
TOWER RD,43RD AVE,2006,4
TOWER RD,48TH,2012,2
TOWER RD,48TH AVE ,2007,250
TOWER RD,48TH AVE ,2008,25
TOWER RD,48TH AVE ,2009,25
TOWER RD,48th AVE ,2009,119
TOWER RD,56TH,2009,18
TREMONT ST AND 20TH,22ND AVE,2009,4
TULSA CT.,ALBROOK DR,2011,4
UINTA,11TH AVE,2006,1
UINTA ST. & SPRUCE DR.,E. 25th DR. ,2012,2
UINTA WAY,11TH AVE,2006,2
UINTA WAY & E 9TH AVE,ULSTER WAY,2015,2
ULSTER ST,YALE AVE,2010,2
ULSTER ST & TAMARAC ST,E 11TH AVE,2015,2
ULSTER ST & UINTA ST,E. 13th AVE.,2013,1
ULSTER WAY & E 8TH AVE,UINTA WAY ,2015,1
ULSTER WAY & TRENTON ST,6th AVE,2011,2
ULSTER WAY & TRENTON ST,UINTA WAY ,2015,1
UMATILLA ST,38TH AVE,2008,6
UNIVERSITY,EVANS,2008,15
UNIVERSITY BLVD,1ST,2013,4
UNIVERSITY BLVD,1ST AVENUE,2007,18
UNIVERSITY BLVD,ALAMEDA,2011,2
UNIVERSITY BLVD,AMHERST AVE,2009,1
UNIVERSITY BLVD,AMHERST AVE (PRIVATE DR),2009,1
UNIVERSITY BLVD,ASBURY,2008,42
UNIVERSITY BLVD,ASBURY,2009,1
UNIVERSITY BLVD,BUCHTEL BLVD,2009,4
UNIVERSITY BLVD,EVANS,2010,2
UNIVERSITY BLVD,EVANS AVE,2009,2
UNIVERSITY BLVD,I-25NB OFF RAMP,2007,4
UNIVERSITY BLVD,I-25SB OFF RAMP,2007,4
VALENTIA,MONTVIEW,2006,6
VALENTIA ST,17TH AVE,2009,1
VALENTIA ST,56TH AVE,2011,4
VALENTIA ST,MISSISSIPPI,2008,2
VALENTIA ST & WABASH ST,E 56th AVE,2014,2
VALLEJO ST & UMATILLA ST,W 44th AVE ,2015,2
VALLEJO ST & WAYANDOT ST,W 44th AVE ,2015,2
VASQUEZ BLVD & MONROE ST.,E. 48th AVE.,2013,2
VASSAR,ST PAUL,2006,1
VERBENA ST.,CENTRAL PARK BLVD ,2012,2
VINE ST,20th AVE,2010,2
VINE ST & GAYLORD ST,E 12th AVE,2014,2
VINE ST & GAYLORD ST,E. 7th AVE PKWY,2014,2
VIRGINIA ST,DOWNING ST,2009,1
VIRGINIA ST,DOWNING ST,2011,1
VIRGINIA ST,LOGAN ST,2010,2
VRAIN ST,W 10TH AVE,2006,2
VRAIN ST & UTICA ST,W. 10th AVE,2014,2
W  VIRGINIA AVE & MORRISON RD,S PERRY ST,2015,1
W 11TH AVE & W 13TH AVE,OSAGE ST,2015,1
W 12th AVE & W 10th AVE,N KNOX CT,2014,2
W 12th AVE & W 13th AVE,N KNOX CT,2014,2
W 14TH AVE & W 13TH AVE,OSAGE ST,2015,1
W 17TH AVE,N SHERIDAN BLVD,2009,7
W 2ND AVE & W 3RD AVE,KNOX CT,2015,1
W 30th AVE & W 32nd AVE,N PERRY ST,2014,2
W 31st AVE & W 32nd AVE,N TENNYSON ST,2014,2
W 32nd AVE & W 31st AVE,N LOWELL BLVD,2014,2
W 32nd AVE & W 33rd AVE,N PERRY ST,2014,2
W 32nd AVE & W MONCRIEFF PL,N LOWELL BLVD,2014,2
W 33rd AVE & SPEER BLVD,IRVING ST,2014,2
W 36TH AVE & W 35TH AVE,GROVE ST,2015,2
W 36th AVE & W 37th AVE,N ZUNI ST,2015,2
W 3RD AVE & W 4TH AVE,KNOX CT,2015,1
W 41st AVE,N LOWELL BLVD,2014,2
W 43rd AVE & W 44th AVE,VALLEJO ST,2015,2
W 45th AVE & W 44th AVE,N PERRY ST,2014,2
W 45th AVE & W 44th AVE,VALLEJO ST,2015,2
W 45th AVE & W 46th AVE,N PERRY ST,2014,2
W 46TH AVE,N IRVING ST,2006,6
W 48th AVE & W 49th AVE,N LOWELL BLVD,2014,2
W AMHERST AVE  & W YALE AVE,S RALIEGH ST,2015,2
W ASBURY AVE & S PLATTE RIVER DR,S HURON ST,2015,2
W BYRON PLACE,N SHERIDAN BLVD,2009,7
W CHAFFEE PL & W 44th AVE,N PECOS ST,2014,2
W CLYDE PL & W 38TH AVE,IRVING ST,2014,4
W COLFAX AVE,N LIPAN ST,2014,3
W COLFAX AVE,N SHERIDAN BLVD,2006,36
W EVANS AVE,SHERIDAN BLVD,2015,2
W EVANS AVE & W JEWELL AVE,S TENNYSON ST,2015,2
W EVANS AVE & W WARREN AVE,S TENNYSON ST,2015,2
W EXPOSITION AVE & MORRISON RD,S PERRY ST,2015,2
W FAIRVIEW PL & W HIGHLAND PK PL,GROVE ST,2015,2
W FLORIDA AVE,S SANTA FE DRIVE,2006,7
W HAMPDEN AVE & W JEFFERSON AVE,S HARLEN ST,2014,2
W IOWA ST,S SANTA FE DRIVE,2006,6
W ITHACA PL & W HAMPDEN AVE,S KENDALL ST,2014,2
W JEWELL AVE,S SHERIDAN BLVD,2006,4
W JEWELL AVE,S SHERIDAN BLVD,2009,24
W KENTUCKY,S VALLEJO,2010,2
W KENTUCKY AV & W OHIO AVE,MORRISON RD,2015,2
W KENYON AVE & S KING ST,S LOWELL BLVD,2015,1
W LEHIGH AVE & W KENYON AVE,S LOWELL BLVD,2015,3
W MONCRIEFF PL & W32nd AVE,N TENNYSON ST,2014,2
W SHERIDAN BLVD,W BYRON PLACE,2009,7
W VIRGINIA AVE & MORRISON RD,S PERRY ST,2015,3
W VIRGINIA AVE & W ALASKA PL,S LIPAN ST,2014,2
W WARREN AVE & W ILIFF AVE,S DECATUR ST,2014,2
W. 14th AVE. & W. COLFAX AVE.,N. LOWELL BLVD,2013,2
W. 14th AVE. & W. COLFAX AVE.,N. MEADE ST.,2013,2
W. 14th AVE. & W. COLFAX AVE.,N. NEWTON ST.,2013,2
W. 18th AVE & W. 19th AVE,N. IRVING ST.,2012,2
W. 36th AVE.,N. TEJON ST.,2011,4
W. 3rd AVE. & W. 2nd AVE.,S. BRYANT ST.,2012,2
W. 40th AVE & W. 39th AVE,N. LIPAN AVE.,2013,2
W. 42nd AVE & W. 49th  AVE,N. HARLAN ST.,2012,1
W. 42nd AVE & W. 49th AVE,N. HARLAN ST.,2012,1
W. 42nd AVE & W.41st. AVE,LOWELL BLVD,2012,2
W. 42nd AVE & W.41st. AVE,N. LOWELL BLVD,2012,2
W. 6th AVE. & W. 7th AVE.,S. BRYANT ST.,2012,2
W. ALASKA PL & W. VIRGINIA AVE,S. LOWELL BLVD,2013,2
W. BYERS PL & W. CEDAR AVE.,S TEJON,2013,2
W. CONEJOS PL. & W. COLFAX AVE,N. LOWELL BLVD,2013,2
W. CONEJOS PL. & W. COLFAX AVE,N. MEADE ST.,2013,2
W. CONEJOS PL. & W. COLFAX AVE,N. NEWTON ST.,2013,1
W. EVANS AVE.,S. LIPAN ST.,2012,2
W. EVANS AVE.,S. PLATTE RIVER DR.,2012,2
W. EXPOSITION & MORRISON RD,S. PERRY ST,2012,2
W. GILL PL & W. CENTER AVE.,S. LOWELL BLVD,2013,2
W. JEWELL AVE.,S. LIPAN ST.,2012,1
W. KENTUCKY AVE. & W. OHIO AVE.,MORRISON RD,2012,2
W. PRENTICE AVE,GRANT RANCH BLVD,2009,4
W. VIRGINIA & MORRISON RD,S. PERRY ST,2012,2
WALNUT & LARIMAR,27th STREET,2012,2
WALNUT & LARIMAR,32nd STREET,2012,2
WALSH ST,LINCOLN ST,2009,1
WASHINGTON ST,17TH AVE,2007,3
WASHINGTON ST,7TH ,2006,2
WASHINGTON ST,E 11th AVE,2014,2
WASHINGTON ST,SPEER BLVD,2009,1
WAZEE ST,20TH  ST (OUTBOUND),2009,7
WEST 17th AVE,NORTH IRVING ST ,2010,2
WEST 17th AVE,NORTH MEADE ST,2010,2
WEST QUINCY AVE,SOUTH WOLFF ST,2010,2
WEWATTA,SPEER,2006,18
WILLIAMS,17TH AVE,2007,3
WILLIAMS ST. & GILPIN ST.,E. 38th AVE.,2013,2
WILLOW ST,MARTIN LUTHER KING BLVD,2009,2
WINONA  ST,5TH AVE,2009,2
WO     PEORIA,47th AVE,2010,2
WO ADAMS St.,17TH AVE,2010,2
WO MONROE,FLORIDA  AVE,2010,1
WO So. GRANT,FLORIDA  AVE,2010,2
WOLFF ST,46TH AVE,2010,1
WOLFF ST & XAVIER ST,WEST 5thAVE,2011,2
WOODSIDE VILLAGE,ALAMEDA,2010,2
WORCHESTER ST,UVALDA ST,2009,2
WYNKOOP ST,19TH AVE H.O.V.,2006,38
WYNKOOP ST,19TH AVE H.O.V. (RTD STRIKE),2006,1
WYNKOOP ST,19TH AVE H.O.V./H.O.T.,2006,11
WYNKOOP ST & BRIGHTON BLVD,38th St.,2013,1
XANTHIA CT,33RD AVE,2009,1
XAVIER ST,46TH AVE,2010,1
YALE AVE,LINDEN COURT,2009,4
YALE AVE,QUEBEC ST.,2010,1
YALE AVE,SOUTH MONACO,2010,1
YALE AVE,SOUTH MONACO ,2010,1
YALE AVE,SOUTH MONACO Ln 1,2010,1
YALE AVE,SOUTH MONACO Ln 2,2010,2
YALE AVE,SOUTH MONACO Ln1,2010,1
YALE AVE,SOUTH QUEBEC ST,2010,2
YALE AVE,SOUTH SYRACUSE WAY,2010,2
YORK,7TH ,2006,6
YORK ST,BRUCE RANDOLPH ST,2009,2
YOSEMITE ,CORNELL,2006,1
YOSEMITE ,E HAMPDEN AVE,2006,12
YOSEMITE ST,E. 14th AVE.,2013,1
YOSEMITE ST,HAMPDEN AVE,2008,175
YOSEMITE ST & AKRON ST,E. 13th AVE.,2013,2
YOSEMITE ST & XENIA ST,E. 13th AVE.,2013,1
ZENOBIA ST,JEWELL ST,2009,6
ZUNI,30TH AVE,2006,3
ZUNI,COLORADO BLVD,2008,6
ZUNI,JEWELL,2008,6
ZUNI,SPEER INBOUND,2012,1
ZUNI,SPEER OUTBOUND,2012,1
ZUNI ST ,SPEER BLVD ,2007,6
